Time (min),Inflow discharge (m^3/s)
0,0
19.99999998,0
22.99999998,0.0625
25.00000002,0.25
27,0.625
28.99999998,1.3125
31.00000002,2.4375
33,3.5625
34.99999998,4.625
37.00000002,5
39,5
40.99999998,4.625
43.00000002,3.5625
45,2.4375
46.99999998,1.3125
49.00000002,0.625
51,0.25
52.99999998,0.0625
55.00000002,0
57,0
75,0
120,0
300,0
